{
  "version": 3,
  "name": "butterflysoup.zip",
  "items": [
    "Butterfly Soup.sh",
    "butterflysoup"
  ],
  "items_opt": [],
  "attr": {
    "title": "Butterfly Soup",
    "porter": [
      "all_yall"
    ],
    "desc": "A visual novel about gay asian girls playing baseball and falling in love.",
    "desc_md": "A visual novel about gay asian girls playing baseball and falling in love.",
    "inst": "Get the game from itch.io here; https://brianna-lei.itch.io/butterfly-soup (Please consider buying!). Put the contents of the `game` directory into the gamefiles directory in the port. ",
    "inst_md": null,
    "genres": [
      "visual novel"
    ],
    "image": {
      "screenshot": "screenshot.png",
      "covers": [],
      "thumbnail": null,
      "video": null
    },
    "rtr": true,
    "exp": false,
    "runtime": null,
    "reqs": [
      "!lowres"
    ],
    "arch": [
      "aarch64"
    ],
    "min_glibc": ""
  }
}
